City_ID,City,Lat,Lng,Max Temp,Humidity,Cloudiness,Wind Speed,Country,Date
0,klaksvik,62.2266,-6.589,4.51,83,100,6.42,FO,1702336190
1,puerto natales,-51.7236,-72.4875,10.69,59,67,3.56,CL,1702336191
2,adamstown,-25.066,-130.1015,21.7,60,1,1.41,PN,1702336191
3,port-aux-francais,-49.35,70.2167,5.73,98,99,10.77,TF,1702336191
4,boa vista,2.8197,-60.6733,30.99,58,40,2.57,BR,1702336191
5,lamarque,-39.423,-65.7021,30.96,13,52,9.44,AR,1702336191
6,tinajo,29.0788,-13.7081,21.49,28,83,3.6,ES,1702336191
7,ngama,11.7833,17.1667,19.78,22,68,4.46,TD,1702336192
8,rushville,39.6092,-85.4464,1.93,72,2,0.45,US,1702336192
9,kapuskasing,49.4169,-82.4331,-9.14,89,85,2.51,CA,1702336192
10,isafjordur,66.0755,-23.124,-4.58,81,91,1.39,IS,1702336192
11,moose jaw,50.4001,-105.5344,-5.17,39,19,7.45,CA,1702336096
12,grytviken,-54.2811,-36.5092,1.79,79,28,4.91,GS,1702336192
13,longyearbyen,78.2186,15.6401,-7.09,79,75,6.17,SJ,1702336193
14,papatowai,-46.5619,169.4708,10.17,64,54,9.14,NZ,1702335914
15,thunder bay,48.4001,-89.3168,-2.01,73,100,6.7,CA,1702336193
16,grantsville,40.5999,-112.4644,7.16,73,0,2.68,US,1702336193
17,basoko,1.2391,23.616,22.74,92,90,0.6,CD,1702336193
18,blackmans bay,-43.0167,147.3167,20.29,61,26,0.45,AU,1702336194
19,rathenow,52.6066,12.337,7.23,91,98,4.29,DE,1702336194
20,aasiaat,68.7098,-52.8699,-1.0,77,100,5.26,GL,1702336194
21,iqaluit,63.7506,-68.5145,-26.57,94,63,2.58,CA,1702336194
22,tiksi,71.6872,128.8694,-22.07,99,100,3.67,RU,1702336194
23,phillip island,-38.4835,145.231,23.81,86,100,2.99,AU,1702336194
24,waitangi,-43.9535,-176.5597,14.34,90,100,4.47,NZ,1702336195
25,ilulissat,69.2167,-51.1,3.01,60,100,7.72,GL,1702336195
26,ingeniero guillermo n. juarez,-23.9,-61.85,30.29,53,61,2.49,AR,1702336195
27,kogalym,62.2654,74.4791,-30.28,91,100,4.24,RU,1702336195
28,bethel,41.3712,-73.414,4.73,66,100,7.2,US,1702336154
29,hudiksvall,61.729,17.1036,-3.18,93,100,4.02,SE,1702336195
30,seosan,36.7817,126.4522,6.19,71,100,5.79,KR,1702336197
31,dwarka,22.2394,68.9678,22.03,57,96,3.06,IN,1702336197
32,ust'-kulom,61.6864,53.6902,-20.31,84,100,4.81,RU,1702336197
33,beira,-19.8436,34.8389,27.2,89,100,3.63,MZ,1702336197
34,nurmes,63.5421,29.1397,-14.94,96,100,1.79,FI,1702336197
35,port elizabeth,-33.918,25.5701,17.95,88,1,3.58,ZA,1702336198
36,troitsko-pechorsk,62.7084,56.1964,-22.95,89,100,4.92,RU,1702336198
37,lerwick,60.1545,-1.1494,3.0,72,100,3.85,GB,1702336198
38,alaghsas,17.0187,8.0168,19.36,34,0,8.92,NE,1702336198
39,ribeira grande,38.5167,-28.7,13.76,81,6,1.79,PT,1702336198
40,tofol,5.3248,163.0078,28.88,79,75,4.12,FM,1702336198
41,talnakh,69.4865,88.3972,-26.45,98,100,4.67,RU,1702336198
42,quang ngai,15.1167,108.8,21.82,90,93,2.37,VN,1702336199
43,tateyama,34.9833,139.8667,13.96,94,75,0.51,JP,1702336199
44,morondava,-20.2833,44.2833,27.81,75,66,2.05,MG,1702336199
45,fort mcmurray,56.7268,-111.381,-10.13,55,11,1.62,CA,1702336199
46,kretinga,55.8758,21.2508,-0.14,93,100,2.06,LT,1702336199
47,petropavlovsk-kamchatsky,53.0452,158.6483,-9.01,87,40,7.6,RU,1702336199
48,nouadhibou,20.931,-17.0347,22.99,31,21,5.14,MR,1702336199
49,babu,24.4167,111.5167,11.39,79,100,3.85,CN,1702336200
50,edinburgh of the seven seas,-37.0676,-12.3116,13.64,91,100,9.47,SH,1702336200
51,iskateley,67.6803,53.1512,-14.26,91,100,8.12,RU,1702336200
52,south hedland,-20.4089,118.5983,22.96,60,0,0.0,AU,1702336200
53,enewetak,11.3474,162.3373,27.83,78,14,8.26,MH,1702336200
54,i-n-salah,27.1935,2.4607,15.46,36,0,5.28,DZ,1702336201
55,tempio pausania,40.8974,9.1035,13.51,96,96,3.63,IT,1702336201
56,pike road,32.2843,-86.103,9.76,64,0,2.14,US,1702336201
57,lihue,21.9789,-159.3672,28.58,78,20,4.12,US,1702336201
58,rongelap,11.1635,166.8941,27.65,77,73,9.01,MH,1702336202
59,bilibino,68.0546,166.4372,-20.27,95,100,1.61,RU,1702336174
60,fiambala,-27.6871,-67.6149,28.55,32,13,5.45,AR,1702336204
61,qaqortoq,60.7167,-46.0333,-1.1,96,100,4.76,GL,1702336204
62,beni hassane,35.5672,10.8087,13.69,47,11,3.7,TN,1702336204
63,touros,-5.1989,-35.4608,26.64,75,0,6.46,BR,1702336205
64,suphan buri,14.4742,100.1222,24.41,77,55,0.39,TH,1702336205
65,aykhal,66.0,111.5,-26.03,98,100,2.04,RU,1702336205
66,la ronge,55.1001,-105.2842,-11.91,71,46,7.69,CA,1702336205
67,avarua,-21.2078,-159.775,26.03,83,100,10.8,CK,1702336206
68,atafu village,-8.5421,-172.5159,28.53,80,100,11.06,TK,1702336206
69,dryden,49.7833,-92.7503,-5.84,93,100,6.17,CA,1702336206
70,kushiro,42.975,144.3747,-1.61,86,100,4.95,JP,1702336207
71,vanderbijlpark,-26.7117,27.838,14.12,87,65,2.89,ZA,1702336207
72,angul,20.85,85.1,15.07,69,1,0.69,IN,1702336207
73,labasa,-16.4167,179.3833,29.6,45,39,1.72,FJ,1702336208
74,kone,-21.0595,164.8658,29.43,44,82,1.52,NC,1702336208
75,sitka,57.0531,-135.33,6.94,76,100,6.17,US,1702336207
76,vila franca do campo,37.7167,-25.4333,13.23,82,100,2.49,PT,1702336130
77,porbandar,21.6422,69.6093,20.48,60,96,2.93,IN,1702336209
78,iquique,-20.2208,-70.1431,20.28,75,95,2.27,CL,1702336072
79,jiuquan,39.7432,98.5174,0.9,14,49,2.09,CN,1702336209
80,el charco,2.4769,-78.1105,26.04,90,67,1.99,CO,1702336209
81,olonkinbyen,70.9221,-8.7187,-0.06,98,100,6.3,SJ,1702336210
82,tazacorte,28.629,-17.9293,19.54,49,0,4.02,ES,1702336210
83,eastham,41.8301,-69.9739,6.99,66,75,3.58,US,1702336210
84,nadym,65.5333,72.5167,-27.9,88,100,5.09,RU,1702336211
85,chonchi,-42.6128,-73.8092,13.56,92,100,2.21,CL,1702336043
86,puerto ayora,-0.7393,-90.3518,25.04,79,63,3.56,EC,1702336211
87,hawaiian paradise park,19.5933,-154.9731,26.13,90,100,1.34,US,1702336211
88,tondano,1.3038,124.9112,22.05,84,56,1.17,ID,1702336212
89,paramonga,-10.6667,-77.8333,20.59,84,14,4.33,PE,1702336212
90,gadzhiyevo,69.2551,33.3362,-13.6,92,94,7.27,RU,1702336212
91,salinas,36.6777,-121.6555,18.6,60,0,6.17,US,1702336212
92,cabo san lucas,22.8909,-109.9124,27.56,62,0,2.06,MX,1702335945
93,socorro,31.6546,-106.3033,17.56,15,75,0.0,US,1702336213
94,saldanha,-33.0117,17.9442,17.56,90,63,8.9,ZA,1702336215
95,mossel bay,-34.1831,22.146,17.31,80,0,4.37,ZA,1702336215
96,east london,-33.0153,27.9116,19.36,85,55,1.39,ZA,1702336104
97,den chai,17.9837,100.0522,22.74,98,33,0.97,TH,1702336215
98,brisas de zicatela,15.8369,-97.0419,29.29,61,40,2.57,MX,1702336215
99,petawawa,45.9001,-77.3328,-4.23,67,75,4.63,CA,1702336216
100,tamandare,-8.7597,-35.1047,25.97,76,1,4.46,BR,1702336216
101,las tejerias,10.2524,-67.1847,25.01,87,82,1.89,VE,1702336216
102,margaret river,-33.95,115.0667,18.75,61,0,4.32,AU,1702336217
103,albany,42.6001,-73.9662,1.95,73,16,4.02,US,1702335953
104,bredasdorp,-34.5322,20.0403,17.29,85,52,5.76,ZA,1702336217
105,tarawa,1.419,172.984,28.64,72,93,1.97,KI,1702336217
106,hengchun,22.0042,120.7439,24.89,83,43,2.62,TW,1702336218
107,nova sintra,14.8667,-24.7167,23.11,68,24,7.18,CV,1702336218
108,pontes e lacerda,-15.2261,-59.3353,25.77,81,85,2.24,BR,1702336219
109,keflavik,64.0049,-22.5624,-0.76,74,20,3.09,IS,1702336219
110,west island,-12.1568,96.8225,25.99,73,40,3.09,CC,1702336220
111,st. john's,47.5649,-52.7093,12.04,95,100,2.68,CA,1702336024
112,eyl,7.9803,49.8164,24.78,72,81,7.52,SO,1702336220
113,tura,25.5198,90.2201,14.5,89,0,1.44,IN,1702336221
114,uacu cungo,-11.3634,15.1208,17.19,99,100,0.15,AO,1702335978
115,port alfred,-33.5906,26.891,17.88,96,4,2.5,ZA,1702336138
116,georgetown,5.4112,100.3354,26.08,94,20,0.0,MY,1702336115
117,egilsstadir,65.2653,-14.3948,-8.61,86,20,2.27,IS,1702336222
118,hermanus,-34.4187,19.2345,16.85,86,70,5.78,ZA,1702336222
119,helena,46.5927,-112.0361,1.66,84,100,3.6,US,1702335941
120,agat village,13.3886,144.6585,29.52,79,40,6.17,GU,1702336223
121,taroudant,30.4703,-8.877,18.55,38,56,2.43,MA,1702336223
122,klyuchi,52.2667,79.1667,-24.27,87,31,6.4,RU,1702336224
123,hamilton,39.1834,-84.5333,3.21,70,0,2.06,US,1702336089
124,punta arenas,-53.15,-70.9167,12.06,47,75,6.69,CL,1702336131
125,kolonia town,6.964,158.206,31.06,74,100,2.57,FM,1702336224
126,yellowknife,62.456,-114.3525,-29.77,100,20,2.02,CA,1702336090
127,remire-montjoly,4.9167,-52.2667,28.02,83,20,2.06,GF,1702336225
128,fort bragg,35.139,-79.006,6.57,74,0,0.0,US,1702336226
129,inhambane,-23.865,35.3833,25.63,95,100,4.1,MZ,1702336226
130,stanley,54.868,-1.6985,0.44,100,40,0.51,GB,1702336201
131,nabire,-3.3667,135.4833,26.58,87,99,1.13,ID,1702336083
132,haiku-pauwela,20.9219,-156.3051,30.01,55,20,7.72,US,1702336227
133,uturoa,-16.7333,-151.4333,26.96,76,83,9.08,PF,1702336227
134,badger,64.8,-147.5333,-6.07,82,100,4.63,US,1702336228
135,guli,28.8833,120.0333,7.85,82,100,2.14,CN,1702336228
136,conception bay south,47.4999,-52.9981,12.18,95,100,11.47,CA,1702336214
137,porto novo,6.4965,2.6036,26.87,80,58,2.57,BJ,1702336229
138,college,64.8569,-147.8028,-6.03,77,100,4.63,US,1702336229
139,la roda,39.2167,-2.15,12.17,55,100,3.54,ES,1702336230
140,udachny,66.4167,112.4,-24.85,97,100,3.83,RU,1702336230
141,little river,33.8732,-78.6142,8.34,79,0,1.54,US,1702336230
142,saint peter,13.25,-59.6167,25.31,81,30,7.9,BB,1702336231
143,nadi,-17.8,177.4167,29.0,51,40,5.66,FJ,1702336197
144,lebu,-37.6167,-73.65,14.73,76,100,2.72,CL,1702336231
145,rio preto da eva,-2.6994,-59.6997,23.92,98,100,0.86,BR,1702336231
146,port mathurin,-19.6833,63.4167,25.89,76,90,2.39,MU,1702336232
147,mount pearl,47.5166,-52.7813,12.19,95,75,11.32,CA,1702335957
148,alice springs,-23.7,133.8833,18.75,42,0,4.12,AU,1702336214
149,yuncheng,35.0231,110.9928,0.83,95,92,1.97,CN,1702336232
150,sipalay,9.75,122.5,24.9,88,5,1.88,PH,1702336232
151,prado,-17.3411,-39.2208,25.51,83,86,6.48,BR,1702336233
152,watertown,42.3709,-71.1828,6.01,74,0,5.66,US,1702336233
153,jaguarari,-10.2639,-40.1958,27.99,29,70,0.69,BR,1702336065
154,sao gabriel da cachoeira,-0.1303,-67.0892,25.34,91,34,0.4,BR,1702336233
155,ukata,10.8312,5.8249,21.19,21,0,4.96,NG,1702336234
156,tshabong,-26.05,22.45,22.01,21,0,4.19,BW,1702336234
157,thompson,55.7435,-97.8558,-12.91,85,100,6.17,CA,1702336234
158,cole harbour,44.6724,-63.4751,12.76,96,100,12.07,CA,1702336152
159,lompoc,34.6391,-120.4579,24.32,64,0,7.2,US,1702336235
160,vernon,50.2581,-119.2691,4.23,88,60,0.73,CA,1702336013
161,yelizovo,53.1873,158.3805,-8.92,72,40,2.0,RU,1702336022
162,jilib,0.4883,42.7854,24.09,95,100,1.86,SO,1702336114
163,tambacounda,13.7539,-13.7586,26.02,16,46,2.92,SN,1702336236
164,san patricio,28.017,-97.5169,19.05,44,100,4.43,US,1702336228
165,ancud,-41.8697,-73.8203,11.8,82,100,5.31,CL,1702336237
166,mitu,1.1983,-70.1733,23.98,96,96,0.43,CO,1702336237
167,newman,37.3138,-121.0208,16.8,45,96,0.89,US,1702336237
168,ust-nera,64.5667,143.2,-19.5,98,100,3.37,RU,1702336237
169,ta`u,-14.2336,-169.5144,26.39,89,91,8.21,AS,1702336238
170,taro,-8.3862,115.28,23.0,82,54,0.44,ID,1702336238
171,praia,14.9215,-23.5087,24.3,78,30,6.17,CV,1702336238
172,ubinskoye,55.3068,79.6802,-29.59,93,6,5.21,RU,1702336238
173,lhokseumawe,5.1801,97.1507,25.75,82,98,0.86,ID,1702336238
174,ciudad bolivar,8.1222,-63.5497,29.49,60,72,5.83,VE,1702336239
175,mahriz,31.5917,54.4318,8.51,32,79,0.71,IR,1702336239
176,palikir - national government center,6.9248,158.1611,30.47,74,100,2.57,FM,1702336239
177,maisi,43.0395,41.2621,9.72,63,100,1.3,GE,1702336239
178,tanabe,33.7333,135.3667,17.56,100,75,2.06,JP,1702336240
179,kittila,67.6647,24.8936,-12.92,92,100,1.54,FI,1702336240
180,afaahiti,-17.75,-149.2833,29.93,79,96,10.1,PF,1702336240
181,marawi city,8.0,124.2833,20.82,89,31,0.7,PH,1702336240
182,kourou,5.1552,-52.6478,28.03,88,93,2.84,GF,1702336065
183,tual,-5.6667,132.75,28.84,75,99,4.04,ID,1702336241
184,wailua homesteads,22.0669,-159.378,28.24,83,20,4.12,US,1702336241
185,nemuro,43.3236,145.575,1.96,70,100,7.15,JP,1702336051
186,tolanaro,-25.0319,46.9987,24.33,94,99,4.89,MG,1702336241
187,crane,31.3974,-102.3501,16.15,18,11,2.86,US,1702336241
188,champerico,14.3,-91.9167,28.84,71,2,2.68,GT,1702336241
189,dudinka,69.4058,86.1778,-24.62,98,100,6.26,RU,1702336242
190,port augusta,-32.5,137.7667,21.77,42,49,4.83,AU,1702336242
191,anadyr,64.75,177.4833,-25.56,75,20,4.0,RU,1702336242
192,ushuaia,-54.8,-68.3,9.72,68,87,2.74,AR,1702336174
193,dongcun,36.7767,121.1597,-1.05,85,100,6.07,CN,1702336243
194,port antonio,18.18,-76.4612,27.19,82,94,2.44,JM,1702336243
195,lubango,-14.9172,13.4925,17.04,87,89,0.45,AO,1702336243
196,berdigestyakh,62.0989,126.6992,-28.58,95,100,3.62,RU,1702336243
197,kingston,17.997,-76.7936,26.78,85,86,1.22,JM,1702336244
198,bure,10.7,37.0667,14.06,52,65,2.34,ET,1702336244
199,invercargill,-46.4,168.35,11.14,53,64,8.94,NZ,1702336023
200,juneau,58.3019,-134.4197,4.0,93,100,10.8,US,1702336244
201,ziro,27.6333,93.8333,2.64,85,0,1.17,IN,1702336244
202,xingcheng,40.6167,120.7167,-11.95,61,20,4.34,CN,1702336245
203,kununurra,-15.7667,128.7333,30.99,62,95,1.03,AU,1702336245
204,groningen,53.25,6.75,7.24,92,100,3.09,NL,1702336182
205,freetown,8.484,-13.2299,26.59,77,5,2.77,SL,1702336047
206,jamestown,42.097,-79.2353,0.77,76,100,4.12,US,1702336245
207,brookings,44.3114,-96.7984,3.54,59,75,6.69,US,1702336241
208,cicero dantas,-10.6,-38.3833,23.07,75,78,5.88,BR,1702336245
209,luderitz,-26.6481,15.1594,18.59,53,0,9.41,NA,1702336246
210,rio grande,-32.035,-52.0986,23.06,86,8,7.16,BR,1702336246
211,kiruna,67.8557,20.2251,-21.49,77,52,2.06,SE,1702336246
212,sur,22.5667,59.5289,22.83,63,44,1.03,OM,1702336246
213,akureyri,65.6835,-18.0878,-7.1,96,67,1.69,IS,1702336246
214,gamba,-2.65,10.0,26.02,83,98,0.78,GA,1702336246
215,happy valley-goose bay,53.3168,-60.3315,-0.83,86,100,1.54,CA,1702336246
216,yermakovskoye,53.2831,92.4003,-31.88,100,73,0.87,RU,1702336247
217,chegdomyn,51.1167,133.0167,-32.48,99,41,0.58,RU,1702336247
218,saipan,15.1355,145.701,29.39,74,40,5.66,MP,1702336247
219,tokonou,9.65,-9.7833,20.6,28,93,1.22,GN,1702336247
220,port moresby,-9.4431,147.1797,28.82,66,91,3.97,PG,1702336247
221,opuwo,-18.0607,13.84,22.99,31,75,2.46,NA,1702336248
222,bondoukou,8.0333,-2.8,26.01,44,0,0.6,CI,1702336248
223,filadelfia,39.9523,-75.1638,6.2,56,75,8.75,US,1702336248
224,broken hill,-31.95,141.4333,26.45,41,46,1.94,AU,1702336248
225,mount gambier,-37.8333,140.7667,24.42,60,60,3.76,AU,1702336248
226,bikenibeu village,1.3673,173.1241,28.53,72,78,1.83,KI,1702336248
227,yigo village,13.5361,144.8886,28.62,78,40,6.17,GU,1702336249
228,minas de marcona,-15.2119,-75.1103,17.32,76,10,6.03,PE,1702336249
229,velez,6.0134,-73.6735,14.97,97,68,0.67,CO,1702336249
230,hun,29.1268,15.9477,13.28,75,18,3.62,LY,1702336249
231,port hueneme,34.1478,-119.1951,26.22,41,40,3.09,US,1702336249
232,arteche,12.2645,125.4048,25.99,89,76,2.59,PH,1702336249
233,hounde,11.5,-3.5167,24.08,14,0,2.57,BF,1702336250
234,nelson bay,-32.7167,152.15,26.17,73,25,1.79,AU,1702336250
235,kayyerkan,69.3786,87.7439,-23.63,98,100,3.5,RU,1702336250
236,tazovsky,67.4667,78.7,-25.46,95,100,3.89,RU,1702336250
237,lazaro cardenas,17.9583,-102.2,29.24,58,78,2.72,MX,1702336199
238,acarau,-2.8856,-40.12,26.76,80,20,7.46,BR,1702336183
239,hithadhoo,-0.6,73.0833,27.61,78,51,2.76,MV,1702336251
240,geraldton,-28.7667,114.6,26.23,24,0,4.12,AU,1702336251
241,wanze,50.5395,5.2092,9.27,93,75,4.12,BE,1702336251
242,krasnokamensk,50.0979,118.0369,-33.51,100,75,0.83,RU,1702336251
243,maues,-3.3836,-57.7186,23.75,99,100,1.4,BR,1702336251
244,usol'ye,59.4268,56.6808,-27.93,86,98,3.4,RU,1702336252
245,sanski most,44.7653,16.6656,8.07,85,100,2.18,BA,1702336252
246,chongwe,-15.3292,28.682,21.32,66,79,0.91,ZM,1702336252
247,kale,50.9581,1.8521,8.87,94,5,4.34,FR,1702336252
248,voss,60.623,6.4229,-11.89,92,44,2.01,NO,1702336252
249,schonkirchen,54.3333,10.2333,5.07,93,100,1.54,DE,1702336252
250,carutapera,-1.195,-46.02,26.51,79,56,3.8,BR,1702336252
251,kruisfontein,-34.0033,24.7314,14.94,85,1,3.29,ZA,1702336253
252,whitehorse,60.7161,-135.0538,-5.93,92,86,3.8,CA,1702336253
253,khark,29.2614,50.3306,23.44,51,54,2.4,IR,1702336253
254,la'ie,21.6477,-157.9253,28.98,73,18,0.89,US,1702336253
255,semey,50.4111,80.2275,-20.26,80,100,7.08,KZ,1702336253
256,lycksele,64.5954,18.6735,-7.07,93,100,1.03,SE,1702336253
257,daga,27.0753,89.8769,6.47,70,1,2.57,BT,1702336254
258,tobruk,32.0836,23.9764,16.09,68,0,2.23,LY,1702336254
259,ulsteinvik,62.3432,5.8487,0.6,84,12,1.79,NO,1702336254
260,al jawf,29.5,38.75,16.49,84,100,2.01,SA,1702336254
261,hassi messaoud,31.6804,6.0729,15.53,35,0,5.0,DZ,1702336254
262,howrah,22.5892,88.3103,16.0,88,0,2.06,IN,1702336254
263,severo-yeniseyskiy,60.3725,93.0408,-40.24,100,72,0.45,RU,1702336255
264,toliara,-23.35,43.6667,25.06,71,58,2.59,MG,1702336255
265,reggio calabria,38.3167,16.0833,10.74,73,8,2.92,IT,1702336255
266,neelankarai,12.9455,80.2575,25.03,88,20,1.03,IN,1702336255
267,whangarei,-35.7317,174.3239,17.44,57,80,5.51,NZ,1702336255
268,igrim,63.1906,64.4162,-24.79,89,100,4.23,RU,1702336255
269,fale old settlement,-9.3852,-171.2468,28.79,77,100,9.77,TK,1702336256
270,aldama,22.9167,-98.0667,19.72,55,100,1.84,MX,1702336175
271,faya-largeau,17.9257,19.1043,18.28,36,0,7.9,TD,1702336256
272,new norfolk,-42.7826,147.0587,20.95,35,90,0.88,AU,1702336235
273,conceicao da barra,-18.5933,-39.7322,25.66,82,61,6.76,BR,1702336000
274,pisco,-13.7,-76.2167,21.03,78,0,9.77,PE,1702336184
275,ulaangom,49.9811,92.0667,-25.66,91,100,1.29,MN,1702336256
276,queenstown,-31.8976,26.8753,14.96,81,40,0.72,ZA,1702336257
277,jefferson,38.1834,-85.65,4.94,58,0,2.57,US,1702336257
278,linden,6.0,-58.3,25.79,79,93,2.15,GY,1702336147
279,jayapura,-2.5333,140.7,28.66,78,100,2.76,ID,1702336173
280,irtyshsk,53.3333,75.4572,-27.8,91,6,6.02,KZ,1702336257
281,toamasina,-18.1667,49.3833,24.0,94,40,0.0,MG,1702336257
282,daru,-9.0763,143.2092,28.05,76,52,3.88,PG,1702336257
283,necochea,-38.5473,-58.7368,23.9,45,56,7.53,AR,1702336258
284,nikolayevsk-on-amure,53.1406,140.73,-25.31,88,14,2.26,RU,1702336258
285,manokwari,-0.8667,134.0833,27.53,73,100,2.23,ID,1702336258
286,alofi,-19.0595,-169.9187,27.94,74,75,3.6,NU,1702336258
287,punta del este,-34.9667,-54.95,22.76,84,75,5.66,UY,1702336258
288,bardai,11.65,7.2333,15.46,31,0,4.27,NG,1702336258
289,baruun-urt,46.6806,113.2792,-23.51,99,99,1.43,MN,1702336142
290,recife,-8.0539,-34.8811,28.02,69,40,3.6,BR,1702336025
291,yanjiang,30.1211,104.6481,10.0,80,26,1.68,CN,1702336259
292,marrakesh,31.6315,-8.0083,18.04,48,0,4.12,MA,1702336200
293,reggane,26.7158,0.1714,17.48,32,15,5.17,DZ,1702336259
294,rathdrum,47.8137,-116.892,3.22,94,100,4.12,US,1702336259
295,grand-bassam,5.2118,-3.7388,26.98,82,17,3.11,CI,1702336259
296,hadibu,12.65,54.0333,24.33,70,64,4.6,YE,1702336259
297,carnarvon,-24.8667,113.6333,26.17,31,0,2.88,AU,1702336259
298,mermoz boabab,14.7065,-17.4758,24.31,74,2,6.08,SN,1702336260
299,island harbour,50.724,-1.2758,12.48,93,29,2.24,GB,1702336260
300,barkly west,-28.5354,24.5215,18.15,61,5,2.95,ZA,1702336260
301,cambria,35.5641,-121.0808,22.36,73,69,0.89,US,1702336260
302,salalah,17.0151,54.0924,22.05,28,0,3.09,OM,1702336209
303,brainerd,46.358,-94.2008,-1.12,85,100,6.17,US,1702336260
304,cabedelo,-6.9811,-34.8339,26.37,75,2,5.98,BR,1702336151
305,aguas formosas,-17.0822,-40.9358,25.54,43,77,3.78,BR,1702336083
306,utrik,11.2278,169.8474,27.15,71,21,9.14,MH,1702336261
307,kuta,-8.7233,115.1723,26.97,83,20,2.68,ID,1702336261
308,okha,53.5739,142.9478,-20.64,86,62,9.78,RU,1702336261
309,pangody,65.85,74.4859,-27.21,89,100,5.41,RU,1702336261
310,trairi,-3.2778,-39.2689,26.7,76,11,5.05,BR,1702335971
311,farasan,16.7022,42.1183,27.66,70,16,7.07,SA,1702336262
312,ghadamis,30.1337,9.5007,13.28,43,0,2.91,LY,1702336262
313,posse,-14.0931,-46.3694,25.87,51,91,0.25,BR,1702336262
314,visakhapatnam,17.69,83.2093,22.18,78,60,2.46,IN,1702336208
315,usinsk,65.9939,57.5281,-18.24,94,100,12.2,RU,1702336245
316,sola,-13.8833,167.55,26.4,62,100,7.11,VU,1702336262
317,dolbeau-mistassini,48.8763,-72.212,-6.33,80,100,6.22,CA,1702336061
318,pauri,30.15,78.7833,4.37,44,0,1.94,IN,1702336262
319,namibe,-15.1961,12.1522,21.95,72,57,3.29,AO,1702336263
320,koshki,54.2091,50.4677,-19.6,83,61,7.41,RU,1702336263
321,akjoujt,19.6969,-14.4164,21.61,15,49,3.99,MR,1702336263
322,nuku'alofa,-21.1333,-175.2,29.19,58,20,5.14,TO,1702336263
323,parry sound,45.3501,-80.033,-2.18,68,55,4.38,CA,1702336263
324,constantia,44.1833,28.65,2.38,81,38,3.8,RO,1702336263
325,hotan,37.0997,79.9269,0.99,33,100,0.91,CN,1702336264
326,sabang,5.8933,95.3214,27.08,78,90,1.62,ID,1702336264
327,ouadda,8.0777,22.4007,21.15,26,31,2.35,CF,1702336264
328,nikki,9.9401,3.2108,21.51,22,1,2.27,BJ,1702336264
329,recani,31.2846,-4.2688,15.79,37,40,1.71,MA,1702336264
330,vorkuta,67.5,64.0,-17.92,88,100,6.22,RU,1702336140
331,pago pago,-14.2781,-170.7025,27.07,87,100,9.6,AS,1702336264
332,folkston,30.8305,-82.0098,9.45,74,0,1.77,US,1702336265
333,luwuk,-0.9516,122.7875,27.65,78,91,0.98,ID,1702336265
334,basco,20.4487,121.9702,26.32,76,57,5.66,PH,1702336265
335,colonia,50.9333,6.95,9.42,82,100,3.09,DE,1702336265
336,nanga eboko,4.6833,12.3667,20.15,66,57,0.84,CM,1702336266
337,vilhena,-12.7406,-60.1458,23.31,84,100,0.95,BR,1702336266
338,elista,46.3078,44.2558,-5.71,86,100,10.0,RU,1702335978
339,katsuren-haebaru,26.3369,127.8719,22.21,88,100,3.09,JP,1702336267
340,ambovombe,-25.1667,46.0833,23.79,89,91,1.21,MG,1702336044
341,magistral'nyy,56.1725,107.4458,-37.02,100,48,0.37,RU,1702336267
342,kaiapoi,-43.3783,172.6401,9.83,92,75,5.14,NZ,1702336202
343,axim,4.8699,-2.2405,26.81,83,14,2.56,GH,1702336268
344,maralal,1.0968,36.698,14.38,87,81,1.73,KE,1702336268
345,saint-jean-de-monts,46.7833,-2.0667,13.39,98,100,7.93,FR,1702336268
346,al qadarif,14.0349,35.3834,25.84,29,65,3.87,SD,1702336268
347,mount isa,-20.7333,139.5,27.87,34,0,5.66,AU,1702336268
348,trinidad,-14.8333,-64.9,28.58,70,97,1.6,BO,1702336112
349,paidha,2.4167,30.9855,17.21,81,24,2.69,UG,1702336269
350,vilyuchinsk,52.9306,158.4028,-8.19,84,17,3.5,RU,1702336269
351,sake,-1.5736,29.045,16.89,95,100,0.22,CD,1702336269
352,dunedin,-45.8742,170.5036,11.56,61,90,6.71,NZ,1702336137
353,metlili chaamba,32.2667,3.6333,15.82,37,40,4.38,DZ,1702336269
354,mwinilunga,-11.7358,24.4293,17.96,97,100,0.56,ZM,1702336269
355,weno,7.4515,151.8468,26.97,94,100,2.06,FM,1702336270
356,ormara,25.2088,64.6357,23.42,26,86,3.97,PK,1702336270
357,ambato boeny,-16.4667,46.7167,26.84,80,63,1.66,MG,1702336270
358,xingtai,37.0631,114.4942,-6.3,96,54,1.31,CN,1702336270
359,namsos,64.4662,11.4957,-4.97,93,32,5.14,NO,1702336270
360,karoi,-16.8099,29.6925,22.36,62,92,1.91,ZW,1702336270
361,barrouallie,13.2333,-61.2667,25.32,83,17,4.81,VC,1702336271
362,san pedro pochutla,15.7333,-96.4667,27.84,58,79,2.18,MX,1702336153
363,bazarnyye mataki,54.8833,49.9333,-18.88,86,81,5.36,RU,1702336271
364,praya,14.9215,-23.5087,24.3,78,30,6.17,CV,1702336238
365,shenjiamen,29.9576,122.298,8.91,83,100,10.56,CN,1702336271
366,la passe,45.5549,-0.8967,14.13,88,100,5.34,FR,1702336272
367,red deer,52.2668,-113.802,-6.95,90,66,3.15,CA,1702336272
368,el hadjira,32.6134,5.5126,17.46,37,0,4.72,DZ,1702336272
369,ceelbuur,4.685,46.6176,24.72,78,58,5.03,SO,1702336272
370,vorgashor,67.5833,63.95,-18.23,89,100,6.25,RU,1702336272
371,monrovia,6.3005,-10.7969,25.87,80,44,2.11,LR,1702336273
372,sao vicente,-23.9631,-46.3919,24.1,26,98,3.17,BR,1702336273
373,lloydminster,53.2835,-110.0016,-9.07,56,47,3.04,CA,1702336273
374,zahedan,29.4963,60.8629,10.84,31,84,1.85,IR,1702336273
375,sambava,-14.2667,50.1667,24.49,90,35,3.74,MG,1702336273
376,sant'antioco,39.0664,8.4522,15.51,93,44,3.72,IT,1702336273
377,aneho,6.2333,1.6,27.59,79,32,3.5,TG,1702336274
378,northam,51.0333,-4.2167,13.7,94,68,5.54,GB,1702336274
379,mezhdurechenskiy,59.6,65.9333,-30.09,94,40,2.19,RU,1702336274
380,poso,-1.3959,120.7524,26.76,80,61,0.95,ID,1702336274
381,penzance,50.1186,-5.5371,12.38,89,72,9.21,GB,1702336275
382,trondheim,63.4305,10.3951,-1.95,84,36,0.45,NO,1702336236
383,kodiak,57.79,-152.4072,-0.27,59,0,6.69,US,1702336136
384,susuman,62.7833,148.1667,-21.68,96,100,2.24,RU,1702336275
385,charters towers,-20.1,146.2667,24.37,83,100,6.76,AU,1702336276
386,vanimo,-2.6741,141.3028,28.34,78,97,3.23,PG,1702336276
387,puerto baquerizo moreno,-0.9,-89.6,25.55,83,75,5.14,EC,1702336276
388,karratha,-20.7377,116.8463,25.93,44,0,2.91,AU,1702336165
389,labrador city,52.9463,-66.9114,-7.81,95,100,2.97,CA,1702336276
390,portland,45.5234,-122.6762,12.25,92,100,1.54,US,1702336043
391,cahors,44.4167,1.3333,10.88,94,100,1.74,FR,1702336276
392,ruteng,-8.6136,120.4721,19.59,86,99,0.29,ID,1702336277
393,taoudenni,22.6783,-3.9836,19.91,20,44,5.33,ML,1702336278
394,tostado,-29.232,-61.7692,28.32,45,0,4.16,AR,1702336278
395,iguape,-24.7081,-47.5553,22.18,79,63,3.54,BR,1702336020
396,pangoa,-12.1167,-73.0,22.99,97,92,0.67,PE,1702336278
397,gwio kura,12.6753,11.0682,17.01,30,1,4.06,NG,1702336279
398,kathmandu,27.7167,85.3167,8.12,93,40,1.54,NP,1702336105
399,holualoa,19.6228,-155.9522,26.42,81,40,4.12,US,1702336279
400,grabovo,53.3875,45.064,-11.7,82,100,8.01,RU,1702336279
401,santa rita do passa quatro,-21.7103,-47.4781,20.41,87,66,1.52,BR,1702336251
402,santa sylvina,-27.8326,-61.1375,26.8,44,0,4.74,AR,1702336280
403,semera,11.501,41.201,21.4,60,12,5.18,ET,1702336280
404,vallenar,-28.5708,-70.7581,24.79,38,0,2.16,CL,1702336239
405,springs,-26.25,28.4,13.41,99,100,3.39,ZA,1702336280
406,kenai,60.5544,-151.2583,0.05,85,75,5.66,US,1702336280
407,kangding,30.0513,101.9603,2.46,83,43,0.8,CN,1702336280
408,umm kaddadah,13.6017,26.6876,22.1,14,94,7.95,SD,1702336280
409,manta,-0.95,-80.7333,27.88,83,40,4.92,EC,1702336281
410,escuinapa,22.85,-105.8,27.89,50,1,2.17,MX,1702336050
411,yulinshi,38.2906,109.7494,-6.61,90,5,3.7,CN,1702336281
412,laojunmiao,39.8333,97.7333,0.21,15,51,4.01,CN,1702336281
413,malango,-2.9627,119.9001,21.48,91,82,0.77,ID,1702336281
414,piti village,13.4626,144.6933,29.49,78,40,6.17,GU,1702336281
415,gaspe,48.8334,-64.4819,2.12,100,100,5.14,CA,1702336281
416,igarka,67.4667,86.5833,-23.24,98,100,3.77,RU,1702336282
417,saint-pierre,-21.3393,55.4781,22.82,73,0,2.06,RE,1702336282
418,novyy urengoy,66.0833,76.6333,-25.04,88,100,5.03,RU,1702336282
419,fort st. john,56.2499,-120.8529,-4.15,76,99,0.93,CA,1702336227
420,ak-suu,42.4995,78.527,-6.1,71,87,1.78,KG,1702336282
421,callao,-12.0667,-77.15,21.16,73,40,5.14,PE,1702336124
422,selkirk,50.1436,-96.8845,-2.74,73,57,3.13,CA,1702336151
423,fortuna,40.5982,-124.1573,16.07,86,0,5.14,US,1702336283
424,bouarfa,32.53,-1.95,13.56,45,100,2.04,MA,1702336283
425,puerto lempira,15.2667,-83.7667,27.08,78,75,5.14,HN,1702336283
426,bamboo flat,11.7,92.7167,26.79,82,60,3.98,IN,1702336283
427,naliya,23.2667,68.8333,18.41,77,58,1.99,IN,1702336283
428,ailuk,10.2197,169.9797,27.48,66,71,8.62,MH,1702336283
429,yurty,56.0498,97.6348,-35.98,100,26,0.69,RU,1702336283
430,tamanrasset,22.785,5.5228,13.95,21,0,3.09,DZ,1702336284
431,barcelos,41.5388,-8.6151,17.18,93,100,3.99,PT,1702336284
432,okakarara,-20.5833,17.4333,23.7,23,11,5.57,NA,1702336284
433,greymouth,-42.4667,171.2,12.62,64,93,8.35,NZ,1702336284
434,san matias,-16.3667,-58.4,29.48,62,55,1.1,BO,1702336285
435,kerikeri,-35.2268,173.9474,21.62,62,26,2.24,NZ,1702336205
436,maturin,9.75,-63.1767,24.62,88,96,3.04,VE,1702336285
437,byron bay,-28.65,153.6167,25.95,59,83,1.64,AU,1702336285
438,pacific grove,36.6177,-121.9166,17.91,69,0,3.09,US,1702336285
439,east ballina,-28.8667,153.5833,26.0,61,79,1.52,AU,1702336286
440,yaren,-0.5472,166.916,29.08,74,17,4.77,NR,1702336286
441,kaifeng,34.7911,114.3483,-7.06,96,49,1.01,CN,1702336286
442,bayanaul,50.7889,75.6956,-26.19,93,100,5.03,KZ,1702336286
443,peniche,39.3558,-9.3811,18.09,90,100,3.98,PT,1702336286
444,san antonio de pale,-1.4014,5.6325,26.0,84,100,4.03,GQ,1702336286
445,ghanzi,-21.5667,21.7833,25.28,36,42,1.49,BW,1702336286
446,goundi,9.3627,17.366,21.6,23,73,2.05,TD,1702336287
447,gaigeturi,33.4644,126.3183,11.94,87,100,9.62,KR,1702336287
448,dhidhdhoo,6.8833,73.1,27.86,71,93,0.31,MV,1702336161
449,griffith,41.5284,-87.4237,1.96,74,0,2.57,US,1702336287
450,larache,35.1932,-6.1557,18.52,67,100,0.7,MA,1702336287
451,ponchatoula,30.4388,-90.4415,13.3,62,0,0.43,US,1702336288
452,mejit,10.2753,170.8646,27.07,71,30,8.45,MH,1702336288
453,quellon,-43.1167,-73.6167,11.09,88,100,2.81,CL,1702336288
454,san carlos de bariloche,-41.1456,-71.3082,13.86,47,40,8.75,AR,1702336208
455,boguchany,58.3814,97.4531,-28.97,96,100,0.45,RU,1702336288
456,korla,41.7597,86.1469,-3.63,63,72,1.87,CN,1702336288
457,ahar,38.4774,47.0699,3.53,93,100,0.86,IR,1702336288
458,codrington,-38.2667,141.9667,25.37,60,87,5.5,AU,1702336289
459,tukrah,32.5341,20.5791,17.91,68,87,6.91,LY,1702336289
460,danville,36.586,-79.395,4.6,61,0,2.06,US,1702336038
461,beatrice,40.2681,-96.747,10.05,40,0,1.54,US,1702336289
462,yeniseysk,58.4497,92.1703,-32.81,99,38,0.89,RU,1702336289
463,kupiskis,55.8333,24.9667,0.16,99,100,3.79,LT,1702336289
464,murzuq,25.9155,13.9184,11.99,42,0,2.69,LY,1702336289
465,port lincoln,-34.7333,135.8667,19.49,57,72,5.91,AU,1702336212
466,dharampur,20.5333,73.1833,20.08,62,76,1.18,IN,1702336290
467,andergrove,-21.0833,149.1833,26.47,88,81,10.69,AU,1702336290
468,saham,24.1722,56.8886,19.01,53,49,1.44,OM,1702336290
469,hongqiao,26.7684,112.1081,6.32,75,100,2.57,CN,1702336290
470,krapina,46.1608,15.8789,9.1,85,91,1.65,HR,1702336290
471,yuzhno-kurilsk,44.0306,145.8556,0.76,76,100,4.36,RU,1702336291
472,cidade velha,14.9167,-23.6167,24.26,78,22,6.17,CV,1702336291
473,san,13.3034,-4.8956,24.43,14,0,3.97,ML,1702336291
474,guichon,-32.35,-57.2,22.19,71,0,3.54,UY,1702336239
475,nora,59.5193,15.0398,-1.01,100,99,3.17,SE,1702336291
476,fayzabad,37.1166,70.58,4.64,99,100,1.56,AF,1702336291
477,villa gesell,-37.2639,-56.973,20.03,85,68,7.42,AR,1702336291
478,saint clair,38.55,-89.9168,8.87,48,0,3.6,US,1702336292
479,ortaca,36.8294,28.7708,10.89,100,40,2.06,TR,1702336292
480,ciudad acuna,29.3232,-100.9522,21.16,23,0,5.66,MX,1702336292
481,mandera,3.9366,41.867,29.49,48,100,4.95,KE,1702336292
482,upper grand lagoon,30.1633,-85.7408,12.28,56,0,3.09,US,1702336009
483,nguigmi,14.2495,13.1092,18.55,32,4,5.52,NE,1702336292
484,homer,59.6425,-151.5483,1.94,61,40,3.6,US,1702336292
485,patong,7.8961,98.2966,25.08,84,100,3.24,TH,1702336293
486,mayqayyng,51.4625,75.7986,-25.74,91,98,6.81,KZ,1702336293
487,arauca,7.0847,-70.7591,27.26,66,16,1.8,CO,1702336293
488,tataouine,32.9297,10.4518,14.25,40,0,6.15,TN,1702336293
489,williams lake,52.1415,-122.1445,-0.53,90,100,1.37,CA,1702336293
490,broome,42.2506,-75.833,0.95,87,100,4.63,US,1702336293
491,carazinho,-28.2839,-52.7864,20.4,73,0,1.75,BR,1702336293
492,zhanaozen,43.3,52.8,-9.76,90,85,10.42,KZ,1702336294
493,arsk,56.0915,49.8778,-20.37,89,94,7.23,RU,1702336294
494,severobaykal'sk,55.65,109.3167,-24.16,86,73,3.11,RU,1702336294
495,kapa'a,22.0752,-159.319,28.99,83,20,4.12,US,1702336294
496,papao,-17.75,-149.55,30.82,78,92,10.9,PF,1702336154
497,nuuk,64.1835,-51.7216,1.34,86,100,18.01,GL,1702336221
498,ciudad valles,21.9833,-99.0167,16.7,67,100,1.43,MX,1702336281
499,kirakira,-10.4544,161.9205,29.25,70,81,0.7,SB,1702336295
500,kasongo-lunda,-6.4667,16.8167,22.04,98,100,0.14,CD,1702336295
501,goure,13.9835,10.2704,15.65,35,5,3.9,NE,1702336295
502,wiwili,13.6268,-85.8254,24.24,94,42,2.3,NI,1702336295
503,sisophon,13.5859,102.9737,23.52,81,86,0.53,KH,1702336296
504,lubang,13.8584,120.124,27.28,78,26,9.38,PH,1702336296
505,labytnangi,66.6572,66.4183,-26.93,98,100,3.32,RU,1702336296
506,hasaki,35.7333,140.8333,10.22,88,100,11.32,JP,1702336296
507,viedma,-40.8135,-62.9967,29.08,27,78,10.55,AR,1702336224
508,vila velha,-20.3297,-40.2925,26.97,83,40,5.66,BR,1702336297
509,rakops,-21.0167,24.3333,26.52,53,26,2.7,BW,1702336283
510,nova vicosa,-17.8919,-39.3719,25.68,82,81,7.74,BR,1702336297
511,ulladulla,-35.35,150.4667,25.98,76,97,1.38,AU,1702336297
512,lib,8.3122,167.3766,27.79,72,53,9.53,MH,1702336298
513,tsiombe,-25.3,45.4833,23.89,92,81,1.23,MG,1702336043
514,xi'an,34.2583,108.9286,1.97,88,9,2.77,CN,1702336064
515,ellensburg,46.9965,-120.5479,7.07,85,75,1.79,US,1702336298
516,aswan,24.0934,32.907,18.36,30,50,4.1,EG,1702336298
517,tutoia,-2.7619,-42.2744,27.26,76,67,5.99,BR,1702336299
518,maputo,-25.9653,32.5892,21.33,97,97,2.97,MZ,1702336221
519,la tuque,47.4334,-72.7824,-6.09,89,100,4.39,CA,1702336145
520,le port,-20.9373,55.2919,23.98,96,34,1.21,RE,1702336299
521,warmbaths,-24.8833,28.2833,17.4,91,29,2.62,ZA,1702336299
522,kalevala,65.2,31.1667,-19.95,100,98,1.34,RU,1702336300
523,san rafael,-34.6177,-68.3301,33.85,19,5,6.57,AR,1702336282
524,lodwar,3.1191,35.5973,28.67,45,80,3.56,KE,1702336300
525,arraial do cabo,-22.9661,-42.0278,22.51,93,99,3.68,BR,1702336300
526,al faw,29.9776,48.4741,20.73,38,66,1.72,IQ,1702336300
527,teguise,29.0605,-13.564,20.12,28,87,3.6,ES,1702336301
528,meadow lakes,61.6247,-149.6011,1.72,89,100,0.0,US,1702336301
529,selfoss,63.9331,-20.9971,-2.2,91,58,2.67,IS,1702336301
530,kannauj,27.0546,79.922,13.8,34,0,1.36,IN,1702336301
531,sinop,41.7711,34.8709,7.16,82,99,1.24,TR,1702336301
532,bereznik,62.8551,42.7072,-10.79,94,100,4.34,RU,1702336302
533,atar,20.5169,-13.0499,19.94,17,16,3.67,MR,1702336302
534,belozersk,60.0326,37.7957,-8.34,91,100,5.81,RU,1702336302
535,menongue,-14.6585,17.691,19.09,84,100,4.71,AO,1702336303
536,polyarnyy,69.1989,33.4478,-12.96,91,96,6.91,RU,1702336303
537,kita,13.0349,-9.4895,22.87,15,76,1.75,ML,1702336303
538,baotou,40.6522,109.8222,-4.06,64,0,3.35,CN,1702336303
539,port blair,11.6667,92.75,26.88,82,59,4.01,IN,1702336304
540,okhotsk,59.3833,143.3,-9.49,91,100,1.76,RU,1702336304
541,hirara,24.8,125.2833,21.92,94,100,9.26,JP,1702336305
542,san ignacio,17.1561,-89.0714,24.08,83,40,3.09,BZ,1702336305
543,fort-shevchenko,44.5086,50.263,-7.53,85,98,10.88,KZ,1702336305
544,barreirinhas,-2.7469,-42.8264,27.03,77,55,5.13,BR,1702336267
545,san clemente del tuyu,-36.3569,-56.7235,19.99,85,88,10.09,AR,1702336306
546,cidreira,-30.1811,-50.2056,21.28,82,2,8.05,BR,1702336306
547,ulety,51.3572,112.4849,-29.96,96,45,0.78,RU,1702336306
548,bondo,3.8146,23.6866,23.11,81,100,0.46,CD,1702336307
549,belyy yar,53.6039,91.3903,-36.06,75,58,0.0,RU,1702336307
550,christchurch,-43.5333,172.6333,9.74,88,75,5.14,NZ,1702336133
551,mantua,45.1667,10.7833,3.88,92,66,2.24,IT,1702336307
552,howard springs,-12.497,131.047,30.46,88,90,1.13,AU,1702336307
553,guerrero negro,27.9769,-114.0611,21.22,35,74,4.48,MX,1702336308
554,carauari,-4.8828,-66.8958,24.93,97,100,1.36,BR,1702336308
555,smithers,54.7804,-127.1743,-2.56,94,77,0.12,CA,1702336250
556,suva,-18.1416,178.4415,27.71,61,20,4.63,FJ,1702336308
557,chahar burj,34.2448,62.1917,6.34,66,11,1.96,AF,1702336308
558,adrar,20.5022,-10.0711,17.83,18,0,5.04,MR,1702336309
559,greenville,35.6127,-77.3663,6.01,80,40,0.0,US,1702336042
560,palapye,-22.546,27.1251,20.54,88,64,3.52,BW,1702336309
561,gornopravdinsk,60.05,69.9,-30.1,95,26,1.88,RU,1702336309
562,lata,40.1629,-8.3327,15.6,90,100,2.04,PT,1702336309
563,tancacha,-32.2431,-63.9807,30.12,31,0,6.84,AR,1702336309
564,hiriyur,13.9456,76.6192,20.57,73,72,2.48,IN,1702336310
565,port sudan,19.6175,37.2164,26.7,76,88,2.5,SD,1702336014
566,essaouira,31.5125,-9.77,19.39,60,8,3.94,MA,1702336310
567,havre,49.5833,0.3333,11.22,93,100,3.6,FR,1702336310
568,trevelin,-43.0858,-71.4639,12.71,86,98,1.84,AR,1702336310
569,mata-utu,-13.2816,-176.1745,27.58,76,78,3.92,WF,1702336310
570,kapiri mposhi,-13.9652,28.6809,19.24,86,100,2.36,ZM,1702336310
571,kanniyakumari,8.0833,77.5667,25.59,85,82,8.29,IN,1702336311
572,magdagachi,53.45,125.8,-29.16,85,1,2.58,RU,1702336311
